{"stat.useItem.20":130,"stat.useItem.152":35,"stat.useItem.397":2,"stat.killEntity.Bat":3,"stat.useItem.276":3,"stat.useItem.154":6,"stat.walkOneCm":838840,"stat.useItem.355":11,"stat.useItem.356":42,"stat.useItem.29":7,"stat.useItem.76":42,"stat.useItem.32":1,"stat.useItem.287":7,"stat.useItem.33":39,"stat.useItem.77":1,"stat.useItem.123":2,"stat.jump":1474,"stat.swimOneCm":4080,"stat.useItem.30":3,"stat.useItem.323":21,"stat.useItem.70":1,"achievement.mineWood":1,"achievement.exploreAllBiomes":{"value":0,"progress":["Plains"]},"stat.useItem.35":31,"stat.useItem.131":5,"stat.useItem.331":211,"stat.useItem.330":16,"stat.useItem.137":2,"achievement.openInventory":160,"stat.damageTaken":-2147483631,"stat.mineBlock.4":12,"stat.mobKills":3,"stat.useItem.54":21,"stat.flyOneCm":473240,"stat.deaths":3,"stat.useItem.7":1194,"stat.useItem.146":4,"stat.useItem.267":1,"stat.useItem.101":24,"stat.drop":201,"stat.useItem.145":5,"stat.useItem.50":38,"stat.useItem.148":3,"stat.useItem.147":15,"stat.useItem.389":3,"stat.playOneMinute":218129,"stat.useItem.4":628,"stat.breakItem.267":1,"stat.useItem.5":68,"stat.useItem.3":1,"stat.damageDealt":280,"stat.mineBlock.30":1,"stat.useItem.270":12,"stat.useItem.58":7}